,name,tp,fp,fn,avg_area,avg_circularity
0,Mar27bS1C2R2_LHr_200x_y.png,2,2,59,305.75,0.428397235
0,MAR38S1C3R1_DMR_20_o.png,34,27,-14,353.344262295082,0.5798232724590163
0,MAR55S3C2R2_VLPAGR_20_o.png,13,3,0,616.0,0.5975206668749999
