,name,tp,fp,fn,avg_area,avg_circularity
0,Mar27bS1C2R2_LHr_200x_y.png,0,4,61,305.75,0.428397235
0,MAR38S1C3R1_DMR_20_o.png,0,61,20,353.344262295082,0.5798232724590163
0,MAR55S3C2R2_VLPAGR_20_o.png,0,16,13,616.0,0.5975206668749999
