,name,tp,fp,fn,avg_area,avg_circularity
0,Mar27bS1C2R2_LHr_200x_y.png,0,5,5,384244.6,0.496591714
0,MAR38S1C3R1_DMR_20_o.png,0,62,61,31315.387096774193,0.5828804717741934
0,MAR55S3C2R2_VLPAGR_20_o.png,0,17,20,113520.94117647059,0.6076294294117647
