,class,prec,reca,F1,F1_geno_ttest_pval,mean_F1_ev0,mean_F1_ev1,perc_geno_ttest_pval,recall_geno_ttest_pval
0,classifier1,0.7764285714285715,0.8228614685844058,0.7989709665564132,0.16286586305945958,0.7750195479226734,0.8269512803579939,0.00033814063737484443,0.1849673628699753
0,classifier16,0.8613505747126436,0.9076457229371688,0.8838923700700332,0.5482401542936066,0.872597828264604,0.8945004407036663,0.08185789360617907,0.12862677402863765
0,classifier25,0.8642241379310345,0.9106737320211961,0.8868411352746038,0.6241140136705865,0.87877764113622,0.894122145803571,0.06011464498363464,0.10373189018368387
0,classifier35,0.9192897497982244,0.8622255866767601,0.88984375,0.5860973157890922,0.8953657730183864,0.8774064652753168,0.18644899456701738,0.13949931862687925
0,classifier43,0.9123222748815166,0.874337623012869,0.8929261693080788,0.46743809041967377,0.8991027216207828,0.879574965149058,0.17155667699875915,0.08609457343375299
0,classifier7,0.7823321554770318,0.838001514004542,0.8092105263157895,0.13288589244428664,0.7254066719149376,0.8840973931262127,0.05422517096986695,0.5893870062633997
