 ,Label,Area,Mean,StdDev,Mode,Min,Max,X,Y,XM,YM,Perim.,BX,BY,Width,Height,Major,Minor,Angle,Circ.,Feret,IntDen,Median,Skew,Kurt,%Area,RawIntDen,FeretX,FeretY,FeretAngle,MinFeret,AR,Round,Solidity,points
1,BKO-426-S42-Iba-Syn-Cortex-10x-F2a_XY1562195154_Z0_T0_C2.tiff8bit.pngcropped.pngNpt3.png,84,255,0,255,255,255,23.73809524,21.66666667,23.73809524,21.66666667,37.11269837,17,17,13,11,12.84754252,8.32471436,36.41105191,0.76637987,14.76482306,21420,255,NaN,NaN,100,21420,17,24,28.30075577,9.19238816,1.54330130,0.64796161,0.83582090,1
2,BKO-426-S42-Iba-Syn-Cortex-10x-F2a_XY1562195154_Z0_T0_C2.tiff8bit.pngcropped.pngNpt3.png,154,255,0,255,255,255,68.29220779,52.87662338,68.29220779,52.87662338,47.45584412,62,45,12,16,16.84915840,11.63731062,76.33781890,0.85931260,17.88854382,39270,255,NaN,NaN,100,39270,65,61,63.43494882,12.00000000,1.44785672,0.69067608,0.92771084,1
3,BKO-442-S44-Iba-Syn-Cortex-10x-F1a_XY1562190389_Z0_T0_C2.tiff8bit.pngcropped.pngNpt3.png,204,255,0,255,255,255,18.40196078,35.53921569,18.40196078,35.53921569,75.49747468,10,22,20,23,23.67432918,10.97141402,52.31868924,0.44975415,29.20616373,52020,255,NaN,NaN,100,52020,12,45,51.95295747,13.86362146,2.15781932,0.46343083,0.76404494,1
4,BKO-442-S44-Iba-Syn-Cortex-10x-F1a_XY1562190389_Z0_T0_C2.tiff8bit.pngcropped.pngNpt3.png,136,255,0,255,255,255,72.86764706,72.28676471,72.86764706,72.28676471,51.94112550,66,65,15,13,14.69892657,11.78049140,168.65285633,0.63347001,16.55294536,34680,255,NaN,NaN,100,34680,66,67,154.98310652,13.00000000,1.24773459,0.80145250,0.84472050,1
