 ,Label,Area,Mean,StdDev,Mode,Min,Max,X,Y,XM,YM,Perim.,BX,BY,Width,Height,Major,Minor,Angle,Circ.,Feret,IntDen,Median,Skew,Kurt,%Area,RawIntDen,FeretX,FeretY,FeretAngle,MinFeret,AR,Round,Solidity,points
1,BKO-426-S42-Iba-Syn-Cortex-10x-F2a_XY1562195154_Z0_T0_C2.tiff8bit.pngcropped.pngNpt3.png,93,255,0,255,255,255,23.75806452,21.70430108,23.75806452,21.70430108,40.28427125,17,17,14,12,14.12147602,8.38519129,38.94717611,0.72014805,15.65247584,23715,255,NaN,NaN,100,23715,17,24,26.56505118,9.19238816,1.68409706,0.59379000,0.86511628,1
2,BKO-426-S42-Iba-Syn-Cortex-10x-F2a_XY1562195154_Z0_T0_C2.tiff8bit.pngcropped.pngNpt3.png,161,255,0,255,255,255,68.31987578,52.86645963,68.31987578,52.86645963,48.04163056,62,45,13,16,16.94750924,12.09567517,74.71385657,0.87659757,17.88854382,41055,255,NaN,NaN,100,41055,65,61,63.43494882,12.61185250,1.40112139,0.71371403,0.92000000,1
3,BKO-442-S44-Iba-Syn-Cortex-10x-F1a_XY1562190389_Z0_T0_C2.tiff8bit.pngcropped.pngNpt3.png,238,255,0,255,255,255,18.36974790,35.71008403,18.36974790,35.71008403,73.25483400,10,22,20,24,24.83530892,12.20162039,53.21967054,0.55733234,29.83286778,60690,255,NaN,NaN,100,60690,11,45,50.44033203,14.64862423,2.03541072,0.49130133,0.82638889,1
4,BKO-442-S44-Iba-Syn-Cortex-10x-F1a_XY1562190389_Z0_T0_C2.tiff8bit.pngcropped.pngNpt3.png,160,255,0,255,255,255,72.85625000,72.10000000,72.85625000,72.10000000,51.35533906,65,65,16,14,15.45563631,13.18084374,176.27713612,0.76235744,17.46424920,40800,255,NaN,NaN,100,40800,65,68,156.37062227,14.00000000,1.17258323,0.85281793,0.88154270,1
