,gp,hi,wt
0,0.6910569105691057,0.8125,0.9428571428571428
1,0.8195488721804511,0.93,0.8297872340425532
2,0.84472049689441,0.8987341772151899,0.8495575221238938
